岗位,薪水,工作地点,公司
Go,12k-24k,北京,Udesk－企业级智能客服平台
Go/golang,8k-16k,上海,汇宜金融
GO,10k-20k,北京,小肚皮App
Go,15k-30k,上海,换手率
Go /Golang 工程师,20k-40k,北京,数美
Golang 开发工程师,18k-36k,上海,英语流利说
Go,10k-15k,上海,钱研社
Go,10k-20k,上海,爱可生
Go/golang,20k-40k,北京,瓜子二手车直卖网
GO/golang开发工程师,20k-40k,深圳,达飞金控
Python/Go工程师,18k-35k,北京,光量科技
软件开发主任-Go/C++,35k-40k,北京,FreeWheel
go/php 工程师 (实习),3k-4k,北京,小米
服务器开发工程师（nodejs/java/python/go,15K-30K,北京,竞技世界
golang软件工程师,7k-12k,成都,千行集团
Go,8k-15k,北京,Udesk－企业级智能客服平台
Go/golang,12k-24k,上海,汇宜金融
Go /Golang 工程师,20k-40k,北京,数美
Golang 开发工程师,18k-36k,上海,英语流利说
GO开发工程师,16k-25k,北京,小米
golang开发工程师,8k-15k,广州,卓睿网络
Golang开发工程师,30k-42k,北京,美团点评
GO,15k-30k,上海,上海品峥信息
Golang开发工程师,6k-12k,重庆,深圳市晨北科技有限公司
GO/golang语言开发工程师,20k-40k,深圳,博雅互动
Golang开发工程师,15k-30k,上海,驴妈妈旅游网
高级开发工程师-Python/Java/Go,25k-45k,北京,京东金融
go语言,20k-30k,北京,微事博
Golang开发工程师,20k-28k,广州,悄悄科技
Golang工程师,15k-30k,北京,乐惠
Go /Golang 工程师,20k-40k,北京,数美
Go,20k-35k,北京,Udesk－企业级智能客服平台
Golang开发工程师,35k-50k,北京,美团点评
Golang开发工程师,15k-30k,北京,小米
go语言工程师,20k-30k,北京,微事博
Golang开发工程师,25k-50k,北京,滴滴出行
golang开发工程师,15k-30k,北京,蚂蜂窝
Golang工程师,4k-8k,南昌,中至科技
Golang,15k-30k,北京,乐惠
golang开发工程师,15k-30k,西安,BOO!
golang 开发工程师,10k-20k,杭州,杭州溜达
GO开发工程师,10k-20k,杭州,优云软件
Golang工程师,15k-30k,上海,驴妈妈旅游网
GO开发工程师,13k-20k,上海,ezbuy
高级开发工程师-Python/Java/Go,25k-45k,杭州,京东金融
Go /Golang 工程师,20k-40k,北京,数美
GO开发工程师,10k-20k,上海,ezbuy
Golang开发工程师,25k-45k,北京,轻松筹
Golang开发工程师,15k-30k,佛山,美的金融
GOLang 研发工程师,15k-30k,北京,供给侧科技
Golang开发工程师,15k-25k,上海,两鲜
GO研发工程师,8k-16k,合肥,科大讯飞
golang,12k-20k,北京,商询科技
Golang工程师,10k-20k,北京,首证投顾
go开发工程师,10k-20k,北京,妙计旅行
GO语言开发,13k-20k,广州,爱菩新医药科技
资深Go/Golang开发工程师,26k-34k,北京,FreeWheel
Golang工程师,15k-30k,北京,时速云
GO开发工程师,15k-25k,上海,ZTO-express
GO开发工程师,15k-25k,北京,一亩田
GO语言开发,8k-12k,广州,爱菩新医药科技
GO,12k-20k,上海,米领通信
GO开发工程师,15k-25k,北京,小米
Go工程师,7k-12k,厦门,深图智服DEEPIR
Golang开发工程师-平台技术,20k-40k,北京,滴滴出行
go语言工程师,20k-30k,北京,微事博
golang软件工程师,8k-13k,厦门,美俪阿萨娜
Go开发工程师,15k-30k,北京,猎豹移动
Go开发工程师,25k-45k,北京,爱奇艺
golang,10k-15k,深圳,博悦科创
golang,20k-40k,北京,瓜子二手车直卖网
golang开发工程师,10k-20k,上海,Artchain
Golang开发工程师,20k-35k,北京,合力联创
GO,15k-30k,北京,竞技世界
Golang开发工程师,15k-30k,上海,捞月狗
golang工程师,20k-30k,北京,微事博
​Golang开发工程师,20k-30k,北京,七牛云
golang开发工程师,15k-25k,北京,普德普
Golang高级研发工程师,40k-55k,北京,美团点评
Python/Golang开发工程师,20k-40k,北京,Yi+
Java / Golang 工程师,20k-35k,上海,掌门集团
Go 中级工程师,8k-12k,廊坊,ZingFront智线
Golang工程师,13k-25k,上海,高升控股
go开发工程师,25k-50k,北京,探探
golang开发工程师,15k-25k,上海,泛为
Golang开发工程师,15k-30k,上海,哔哩哔哩
GO开发工程师,15k-25k,上海,途虎养车网
中级后端研发 python/golang/php,12k-15k,杭州,目睹直播
Go语言开发,15K-25K,深圳,新华云帆
Golang工程师,12k-20k,深圳,Klook 客路旅行
美团云Python/Golang工程师,25k-45k,北京,美团点评
高级Golang开发,25k-50k,北京,云沃客
go研发工程师,15k-30k,北京,百度
C++/GO 中级工程师,8k-15k,廊坊,ZingFront智线
go开发工程师,25k-32k,北京,映客直播
Golang技术专家,25k-40k,上海,Ping++
Golang开发工程师,10k-20k,上海,TapTap
Go语言工程师,8k-15k,上海,游族网络
Go/Python架构师,15k-25k,深圳,暴鸡电竞
Go(Go语言)程序员,7k-9k,济南,蚁动网络科技
GO开发工程师,15k-25k,大连,NAVER China
高级golang工程师,15k-30k,北京,Udesk－企业级智能客服平台
golang开发工程师/go语言工程师,15k-30k,北京,360企业安全
Go工程师,20k-35k,北京,她理财
Golang,15k-30k,深圳,糗事百科
GO中级工程师,8k-10k,武汉,ZingFront智线
Golang研发工程师,15k-30k,北京,百度
JAVA/GO开发工程师,8k-15k,成都,中联信通
Go研发工程师,8k-15k,重庆,锦玉山河
Golang工程师,15k-20k,北京,港丰财研
Go 开发工程师,13k-26k,深圳,牛日科技
Golang开发工程师,10k-20k,深圳,菜鸟理财
golang开发工程师,15k-25k,上海,滚球信息
golang,10k-20k,长沙,北京炬鑫
Golang开发工程师（随手记）,13k-25k,深圳,随手科技
go语言开发工程师,10k-20k,杭州,复杂美科技
golang开发工程师,8k-12k,西安,圣点科技
GO语言开发,15k-25k,深圳,盖威
golang开发,15k-30k,成都,Clickkwala
Golang,15k-25k,杭州,涂鸦智能
Go 中级工程师,8k-15k,武汉,ZingFront智线
Golang高级开发工程师(J171017019),20k-30k,北京,滴滴出行
Go/Golang开发工程师,10k-20k,南京,众享金联
golang语言开发工程师,15k-30k,广州,广州液态水
golang开发,10k-18k,南京,以太数据
GoLang 开发工程师,8k-15k,上海,讯联数据
高级golang工程师,20k-40k,北京,云账户
Go语言工程师,15k-25k,杭州,盛魁科技
Golang高级开发工程师,15k-30k,北京,乐惠
Go语言开发工程师,25k-40k,北京,roobo
golang开发,15K-30K,北京,任你说
go语言开发工程师,9k-18k,深圳,卖座网
golang,6k-12k,厦门,帝恩思
go开发组长,15k-25k,杭州,天玑科技
IBU-golang/nodejs开发工程师J10,10k-15k,上海,UCloud
Golang研发工程师,20k-40k,北京,滴滴出行
Golang高级工程师,15k-30k,北京,乐惠
Go开发工程师,10k-20k,深圳,有容云
golang工程师,10k-20k,武汉,斗鱼直播
Golang开发工程师,15k-25k,北京,微迅
Golang开发工程师-运维开发,10k-20k,北京,凤凰网
高级Go工程师,18k-30k,北京,DataHunter
golang工程师,10k-20k,北京,XSKY
Golang语言开发工程师,15k-30k,北京,畅聊天下(派派交友）
Golang云平台／后端中级开发工程师,15k-30k,上海,Caicloud
Go开发工程师,15k以上,上海,星环科技
Golang开发工程师,30k-40k,北京,ofo
高级Golang研发工程师,13k-25k,成都,景和千城
高级资深后端PHP/GO,25k-50k,北京,瓜子二手车直卖网
Go语言开发工程师,15k-25k,北京,普德普
高级golang开发工程师,13k-22k,武汉,斗鱼直播
Golang云平台／后端中级开发工程师,15k-30k,北京,Caicloud
高级golang开发工程师,20k-30k,北京,汽车之家
Golang开发工程师,6k-12k,武汉,车友网
Go/Java,5k-8k,苏州,路腾软件
高级Golang开发工程师,15k-30k,上海,足球魔方
Golang工程师,18k-25k,上海,Evolve
golang 研发工程师,15k-30k,北京,SpeedyCloud
go语言开发工程师,15k-30k,杭州,杭州溜达
Python/Go开发工程师-小米视频,20k-35k,北京,小米
Go 语言开发工程师,15k-30k,北京,美餐
Golang工程师,9k-15k,杭州,招财猫
资深PHP/GO工程师/技术管理,25k-50k,北京,瓜子二手车直卖网
go语言工程师,7k-10k,广州,广州液态水
Go/Python后端攻城狮,10k-20k,深圳,红树科技
Golang云平台／后端中级开发工程师,15k-30k,杭州,Caicloud
基础平台开发工程师C/Go/Python/Java,20k-40k,北京,阿里云
长连接服务开发（golang方向）,15k-30k,上海,PPTV聚力
Golang工程师,15k-30k,北京,哗啦啦
Golang开发工程师,8k-15k,厦门,厦门易灵网络 ELING
golang高级研发工程,25k-45k,北京,roobo
Go 开发工程师,15k-18k,北京,loraplus
Go语言开发工程师,7k-14k,成都,盛趣网络
golang开发工程师,10k-16k,南京,途牛旅游网
Go 语言研发工程师,16k-30k,深圳,Followme
Go语言开发主程序,16k-30k,上海,游族网络
Golang开发工程师---公共平台(J13255),25k-50k,北京,滴滴出行
Golang开发工程师,25k-35k,上海,优雅广告
GO开发工程师,8k-15k,苏州,耐思捷
Golang开发工程师（ADX方向）,9k-15k,广州,金科文化
golang开发工程师,18k-30k,深圳,腾讯
Golang开发工程师,6k-8k,重庆,晓道科技
golang开发工程师,12k-24k,重庆,柏思睿特
Go语言工程师,20k-30k,北京,爱奇艺
Go工程师,10k-18k,深圳,复临科技
Golang 开发工程师,10k-20k,深圳,小恩爱
Go语言工程师,15k-30k,上海,上海品峥信息
云计算-容器云平台开发工程师(Golang),30k-60k,上海,永辉超市股份有限公司
go研发工程师,6k-8k,济南,冠世信息
资深Golang/Ruby开发工程师,22k-32k,北京,FreeWheel
Golang云平台/后端开发工程师,15k-30k,北京,AbleCloud
Go语言开发工程师,15k-25k,上海,威佩
golang服务端开发,10k-20k,苏州,苏州锦佰安
golang开发工程师,10K-20K,郑州,微阵科技
Golang服务器,10k-15k,成都,LinkFun Game
GOLANG工程师,15k-25k,北京,360
Go,15k-20k,上海,游树
GO语言研发工程师,9k-18k,上海,弘连网络
GO开发工程师,10k-20k,上海,上海聊聊
golang开发工程师,10k-20k,上海,心动网络
Golang中高级工程师,15k-30k,北京,与你游戏
golang后台开发,9k-18k,深圳,卖座网
go,15k-30k,杭州,杭州岩泽网络科技有限公司
Go语言工程师,8k-13k,柳州,桂金汇
基础平台开发工程师C/Go/Python/Java,20k-40k,杭州,阿里云
golang高级开发工程师,20k-40k,北京,久康国际
Golang,5k-10k,武汉,研众科技
Golang,18k-25k,北京,SenseTime
Go/Python后端开发工程师,9k-14k,成都,河谷科技
Go工程师,5K-10K,西安,梵响互动
Golang 研发工程师,6k-12k,深圳,广州丰捷软件技术
Golang研发工程师,8k-16k,成都,精灵云科技
Go(Golang),25k-45k,北京,探探
golang高级开发工程师,25k-35k,北京,中企动力
golang高级开发工程师,12k-24k,上海,UCloud
Go高级开发工程师,25k-45k,北京,瓜子二手车直卖网
go/golang工程师,10k-20k,北京,SnapLingo
PHP/Golang 开发工程师,15k-30k,北京,360企业安全
Go/golang/Go语言,10k-20k,北京,逍遥天地
Go开发工程师,15k-30k,上海,心灵伙伴览育
go开发高级工程师,18K-30K,北京,领主
Go高级开发工程师,15k-30k,北京,百度
GO后台工程师,15k-18k,深圳,华阅文化
Go语言开发工程师,15k-30k,上海,爱奇艺
GO开发工程师,15k-30k,北京,陪我
golang开发工程师,15k-25k,北京,极效
Go服务器端开发工程师,13k-25k,武汉,微派
golang开发工程师,12k-24k,深圳,天虹-虹领巾
高级Golang工程师,20k-40k,北京,云账户
高级软件工程师（底层/算法/golang）,25k-50k,北京,网录科技
GO主程/golang主程/Go语言主程,15k-25k,北京,逍遥天地
go开发工程师,10k-20k,武汉,武汉楚易唯公司
Go后端工程师,18k-35k,北京,石墨
高级/资深C/C++/Golang系统研发工程师--北京,24k-48k,北京,美图公司
Golang 后端工程师,10k-18k,深圳,顺道出行
急聘GO开发工程师,15K-25K,上海,魔麟网络
Go 工程师,20k-35k,北京,芝麻掌柜
Golang研发工程师,10k-20k,西安,新玛互动
Go工程师,15k-30k,北京,普汇金服
golang后端开发,15k-25k,深圳,平安产险
账号支付-Golang 高级开发工程师,13k-26k,深圳,迅雷
（高级）Go语言开发工程师,11k-20k,上海,游族网络
Go高级研发工程师,25k-50k,北京,罗辑思维
技术项目经理 - GO Data Science,35k-45k,北京,Coupang
GO语言服务器端开发工程师,15k-30k,深圳,腾讯
saas-golang开发工程师,9k-17k,上海,博鼠信息
golang后台开发,10k-20k,深圳,新华云帆
Golang数据开发工程师,10k-15k,北京,盖娅互娱
Golang后台开发工程师,15k-30k,深圳,网心科技
Go开发，或Python，C,8k-15k,广州,智品移动
研发工程师-Golang/Python,10k-20k,北京,Plum
Golang开发工程师,15k-25k,北京,优恪网
Go开发工程师,4k-6k,成都,亚然科技
golang工程师,10k-15k,成都,三五七网络科技有限公司
Golang开发工程师,6k-9k,厦门,易名中国
GO开发工程师,15k-25k,大连,NAVER China
GOLANG 工程师开发,10k-15k,上海,久劲科技
GO开发工程师/golang,10k-20k,广州,彩乐网络
Golang开发工程师,15K-20K,北京,侯斯特
Golang开发工程师,15k-25k,北京,凤凰网
golang开发工程师,10k-20k,广州,游戏和教育软件开发（VR方向）
golang开发工程师,13k-18k,广州,广州盛世彩
Go开发工程师,10k-20k,北京,早猫
Golang后台开发工程师,16k-30k,上海,达家迎
Go语言开发工程师,15k-30k,上海,上海陶心网信息技术有限公司
Golang服务器工程师,15k-30k,北京,畅聊天下(派派交友）
后端开发工程师（golang）,20k-40k,北京,ofo
高级GO语言开发工程师,15k-30k,北京,猎豹移动
Go后台研发工程师,8k-16k,上海,上海崇杏
游戏服务器/Go工程师,18k-30k,北京,6waves
Golang 工程师,15k-20k,北京,北京夸克创新科技有限公司
Golang/Java后台开发工程师（深圳,15k-30k,深圳,腾讯
Golang服务器工程师,10k-20k,北京,钛核互动
Golang软件开发工程师,12k-20k,北京,数资科技
Golang工程师,20k-40k,北京,Opera
golang开发工程师,15k-20k,深圳,小科斗
golang开发工程师,15k-25k,深圳,华科瑞联
golang开发工程师,8k-16k,深圳,优伴教育
Golang开发工程师,20k-30k,北京,企飞
后端开发工程师（Go）,15k-30k,北京,灵雀云
golang后台开发工程师,15k-20k,深圳,前海云集品
golang开发工程师,10k-20k,深圳,八零网络
GO语言开发工程师,15k-25k,广州,全民快乐
Golang后端研发工程师,8k-16k,广州,舜飞科技
Go 工程师,15k-30k,北京,微篇
Go 工程师,15k-30k,北京,微篇
GO语言服务器端开发,25k-40k,北京,FunPlus 趣加游戏
Golang研发工程师,6k-12k,成都,康特电子
Go语言高级研发工程师,20k-35k,北京,思源科技
区块链开发/GO语言开发/golang开发,25k-50k,上海,上海荣恋
GO语言开发工程师,12k-24k,上海,合阔信息
Python/Golang研发工程师,18k-36k,北京,新浪微博
Golang开发工程师,15k-25k,上海,北艾（上海）网络科技有限公司
Golang 攻城狮,12k-15k,广州,木木健康
Golang开发工程师,10k-20k,杭州,手印直播
IPL-Golang服务端开发工程师,15k-30k,上海,UCloud
golang开发工程师,10k-15k,南京,荣泽科技
Java/go后端工程师,20k-40k,北京,Kika Tech(新美互通)
Golang工程师,6k-12k,成都,易米软件
golang工程师,15k-25k,北京,飞渔科技
高级go语言开发工程师J10600,15k-30k,上海,UCloud
GO语言后端开发,15k-30k,北京,Hortor Games
后端工程师PHP/Golang/Java,18k-35k,北京,瓜子二手车直卖网
GO开发工程师,6k-12k,广州,西洋汇
golang 研发工程师,22k-35k,上海,趣头条
Golang工程师,15k-30k,北京,GameofLies面壁计划
广告系统研发工程师（Go）,20k-40k,北京,赤子城
Golang开发工程师,5k-10k,西安,明朝万达
GO 开发工程师（小米商城）,20k-35k,北京,小米
Go开发工程师,10k-15k,广州,广州咪狗
Golang开发工程师,7K-12K,杭州,优考科技
golang资深开发工程师,25k-40k,北京,数人云
Go语言开发工程师,15k-20k,深圳,Mobikok
golang工程师职位,15k-18k,北京,小爱智能科技
后端golang开发工程师,15K-30K,北京,北京云汇天下
后端golang开发工程师,15K-30K,北京,北京云汇天下
Golang开发工程师,20k-30k,北京,比特大陆
go开发工程师（实习生）,4K-8K,福州,滴咚网络
高级/资深C/C++/Golang系统研发工程师-深圳,20k-40k,深圳,美图公司
后端开发工程师 (golang/微服务),12k-18k,上海,大智慧
Go开发工程师,8k-14k,成都,有乐信息
go服务器开发工程师,15k-30k,北京,HT
YSBG-后端开发工程师（Golang）,15k-25k,广州,酷狗音乐
Golang开发工程师,15k-30k,北京,小爱科技
Go开发工程师,6k-10k,北京,易回眸
Go后端工程师,8k-15k,上海,牛牛成长
服务端开发工程师 (Golang),9k-18k,成都,速递易
C/C++/golang 研发工程师,10k-20k,广州,蛮蛮云计算
GO后端工程师,15k-30k,福州,创游
c++/go 后端研发工程师,25k-40k,北京,AbleCloud
golang,10k-20k,上海,博体数字
Golang工程师（棋牌）,12k-20k,上海,上海品峥信息
中高级 Golang 后端开发工程师,13k-18k,成都,成都小多科技有限公司
Java/Go高级研发工程师-后市场(J170528018),15k-30k,杭州,滴滴出行
golang高级开发工程师,27k-35k,北京,掌游
NodeJS/Go 高级后端开发工程师,15k-30k,上海,哒哒英语
go开发工程师,15K-25K,上海,魔麟网络
Golang后端开发工程师（杭州、深圳）,10k-20k,杭州,物联网接入与消息云服务
Go语言开发工程师,12k-18k,杭州,卫数科技
Golang高级开发工程师,10k-20k,北京,如易行
后端工程师（golang）,10k-15k,上海,瑞狮网络，实时竞价广告，RTB
GO后端架构师,20k-40k,上海,ezbuy
Python/Go开发工程师-北京-00395,15k-25k,北京,比特大陆
高级Golang工程师,12k-20k,成都,微赛
GOLANG高级开发工程师,15K-30K,深圳,大旺科技
GO语言高级开发工程师 ---产品技术部(J13256),25k-50k,北京,滴滴出行
go语言开发,10k-20k,上海,博体数字
python/go高级开发工程师,18k-36k,北京,小米
Go语言研发工程师,15k-30k,北京,清檬智慧
高级/资深服务器开发工程师（golang）,15k-30k,上海,巨人网络
python/go高级工程师,15k-25k,杭州,娱网科道
C++／GO 后端研发工程师,20k-40k,北京,便利蜂
高级golang,12K-24K,武汉,创极地
GO语言开发工程师,15k-25k,深圳,榕时代科技
游戏服务器端主程Golang,30k-50k,北京,Hortor Games
GO后端开发工程师,8k-16k,厦门,废品大叔
Go（后端）工程师,12k-20k,苏州,山东科大机电科技股份有限公司
高级系统架构师（Go语言方向）,20k-40k,北京,社区半径
GO语言服务端开发工程师,15k-30k,北京,百度
go语言基础架构开发工程师,20k-40k,北京,瓜子二手车直卖网
go语言基础架构开发工程师,20k-40k,北京,瓜子二手车直卖网
GO游戏服务端开发,15k-30k,北京,卿烨科技
系统开发工程师（Ruby/Golang）,40k-55k,北京,美团点评
Go语言开发工程师(区块链开发),15k-30k,北京,老虎智汇
​混合云平台研发工程师（Golang）,25k-50k,北京,新浪微博
游戏服务器开发工程师 Golang·后端开发,20k-30k,北京,Hortor Games
Python+GO高级开发工程师,12k-18k,广州,畅想
资深服务器开发工程师go语言,10k-18k,上海,有来
Golang后台开发工程师,8k-14k,深圳,盈创丰茂
Go语言高级开发工程师,8k-12k,成都,魔力百聚
Golang手游服务器开发工程师,15k-30k,上海,上海光爪网络科技有限公司
go运维开发工程师,10k-20k,北京,妙计旅行
Go高级后台开发,12k-24k,深圳,智象科技
golang/php语言后台开发工程师,10k-20k,深圳,小科斗
后端开发工程师(go),6k-10k,成都,华信傲天
高级golang/C++工程师（容器云平台）,20k-28k,上海,实惠
Go 服务器开发工程师,15k-30k,北京,无花果
C/C++/Golang系统研发工程师,20k-40k,北京,美图公司
高级软件工程师（Go / C / C++ ),25k-50k,北京,网录科技
Go语言手游服务器开发,15k-30k,北京,火翼游戏
Go游戏服务端,8k-15k,深圳,魔镜VR
Python/Go 运维开发工程师,15k-25k,上海,厚本金融
运维开发工程师（go语言）,7k-14k,长沙,长沙聚丰
C++/Go后台高级工程师,14k-21k,广州,YY Inc
go语言（c++）,15k-18k,深圳,金证股份
基础平台开发工程师C/Go/Python/Java(CDN),20k-40k,杭州,阿里云
KunLun-系统研发工程师(Go/Python),12k-24k,成都,BBD
PHP开发工程师（兼备GO）,15k-30k,北京,360企业安全
后台服务开发(Java/Golang),12k-24k,上海,哔哩哔哩
高级后端工程师（python、Go）,15k-25k,深圳,晶泰科技
linux golang开发工程师,8k-12k,北京,布卡互动
C++/GO语言开发工程师,15k-25k,广州,全民快乐
资深后端(PHP/Go)工程师/技术专家,25k-42k,北京,瓜子二手车直卖网
高级软件工程师（JAVA/GO）,15k-25k,深圳,金蝶中间件
基础平台开发工程师C/Go/Python/Java(CDN),20k-40k,北京,阿里云
移动平台后端高级开发工程师（Go/Python）,15k-30k,北京,JoyCastle
C++/Go语言服务器主程（女神工作室）,20k-28k,上海,游族网络
c++/java/golang高级工程师,20k-30k,北京,美洽
技术专家C++/Java/Pyton/Golang,20k-40k,北京,Udesk－企业级智能客服平台
中级后端研发（python/golang/php）,12k-15k,杭州,目睹直播
"WebRTC服务器通信开发工程师 [NodeJS, C, Golang]",16k-28k,北京,乐塔克LearningTech
PHP开发工程师（c/c++，golang）,20k-40k,北京,360
高级C++/go开发工程师,25k-35k,深圳,纵横文化
高级软件工程师（算法/c++/go/python）,25k-50k,北京,网录科技
蔷薇控股旗下Fintech区块链高级Go语言开发,30k-60k,北京,策众睿诚
高级后端(PHP/Go)工程师,15k-25k,北京,瓜子二手车直卖网
高级后端研发（python/golang/php）,16k-20k,杭州,目睹直播
Web后端开发工程师 （go语言方向）,18k-28k,深圳,羚羊极速
MMO手游服务器开发（C++/Golang）,15k-30k,上海,亿马联盟
C/C++/GO软件工程师,8k-15k,北京,中国航信
服务端开发工程师 (go/php/python),15k-25k,珠海,金山办公软件
MIG07-GO语言服务器端开发工程师,18k-36k,深圳,腾讯
PHP开发（转Go）,12k-20k,上海,感悟科技
技术专家（c++、go、Java、ruby）,20k-40k,北京,Udesk－企业级智能客服平台
区块链技术开发工程师（go，c++，Python）,15k-23k,杭州,复杂美科技
服务后端开发（Java/Go）,5k-8k,苏州,路腾软件
Web服务工程师（PHP\Java\go\校招),6k-12k,武汉,斗鱼直播
SDK开发（C/C++/go/ruby/PHP）,10k-20k,北京,武汉佰钧成技术有限公司
区块链（java，go）,16k-26k,北京,同方鼎欣
服务端开发工程师（Python/Java/Go）,13k-20k,北京,海致
高级后端(PHP/Go)工程师,15k-25k,北京,瓜子二手车直卖网
go语言后台开发工程师（Linux平台）,20k-40k,深圳,羚羊极速
后端(JAVA/GO/PHP)工程师,20k-40k,北京,小狗机器人
"软件开发工程师(Python, Go, NodeJs等)",6k-12k,厦门,海湾科技
Java/C++/go工程师,10k-20k,杭州,上海实沃
"资深开发工程师(全栈,Java,C/C++,Go)",15k-30k,深圳,么么嗖
后端开发工程师（PHP/Java/C++/Go）,20k-40k,北京,搜狗
Java/Python/C++/Go-P7-阿里云,25k-45k,杭州,蚂蚁金服集团
高级后端(PHP/Java/Go)工程师,17k-34k,北京,瓜子二手车直卖网
GO中级工程师,8k-12k,廊坊,ZingFront智线
Go 中级工程师,10k-18k,北京,ZingFront智线
Golang高级开发,15k-30k,北京,乐惠
GO语言分布式系统开发工程师,15k-30k,上海,UCloud
高级C++/GO/NLP工程师,12k-24k,北京,ZingFront智线
高级C++/GO/NLP工程师,8k-16k,武汉,ZingFront智线
